Company,Location,CTC_LPA
Krypto,Bengaluru,55
BharatX,Bangalore,54
Workato India Pvt Ltd,,48.9
Microsoft India,Hyderabad/Bangalore/Noida,46
Media.net,Mumbai/Bangalore,38
DE Shaw & Co,Hyderabad,36.5
Data Insights,,36
Arcesium,Hyderabad,36
Airbnb India,,34.8
Commvault Systems Pvt LTD,Bengaluru. JD  & CTC details is attached herewith,31
Pocketpills (Casahealth Tech Pvt Ltd),,30
Razorpay,,29
Morgan Stanley,,28.33
Nvidia,"Bangalore, Pune, Hyderabad",27.5
Providence,,27
Human Holdings,,26.65
SHOPUP,PAN INDIA,25
Qualcomm,,25
Gullak Money,Bangalore,25
Sap labs,,24.62
Flexcar IDC,Bangalore,24.15
Sembly,,24
Wellsfargo,"Bangalore, Hyderabad, Chennai",23.5
Steradian Semiconductors Pvt Ltd,Bangalore,23
Silicon Labs,"Hyderabad, India",22.98
Cashfree,Bangalore / Chennai,22
Maxlinear Technologies,,22
Nutanix,,22
BYJU'S,"Bangalore, Hyderabad, NCR Delhi",22
OfBusiness,,22
BNY MELLON,Chennai /Pune,21.64
Schlumberger,,21
CHARGEBEE,,21
SquadStack,,20
JUNGLEE GAMES,Bengaluru & Gurugram,20
FAREPORTAL,,20
VMware,"Bangalore,Remote",19.98
Walmart Global Tech India,,19.5
Mediatek,Bangalore,19
PayU,"Bangalore, Chennai",19
Cloudera,Bangalore.,18.99
Airoha Technology,Noida,18.8
Oracle,Hyderabad,18.5
Oracle GBU,,18.27
Nambiar Builders,Bangalore (Office and Site).,18
MathWorks India,Hyderabad/Bangalore (Students should select their preferred,18
Jubilant FoodWorks,Noida for Engineering,18
MAKEMYTRIP,,18
Hewlett Packard Enterprise,Bangalore,17.5
Tekion India Private limited,,17
Cadence Design Systems,,17
Barclays,PAN india,17
SWYM Corporation,,17
Sabre Corporation,Bengaluru,16.84
American Express,,16.78
Publicis Sapient,"Gurgaon, Bangalore, Noida",16.63
Cradlepoint,,16.63
Texas instruments,,16.2
Celigo,Hyderabad,16
MONEYVIEW,,16
Air Asia,Bangalore,16
Dell Technologies,"Bangalore, Hyderabad, Chennai",16
Codemantra,Chennai,16
Samsung Semiconductor India Research,,16
Bosch Global Software Technologies,,16
Sandvine,,15.83
Philips Lighting (Signify),Bangalore,15.2
IDrive Software India Pvt Ltd,Bangalore,15
Pine Labs,,15
asterdmhealthcare,Bangalore,15
Rapido.bike,,15
Fastenal,,15
Openplay Technologies,Hyderabad,15
Tata Digital,Mumbai,15
Euler Motors,,15
Quicket Solutions,GURGAON,15
KIMBERLY CLARK,,15
CONVEGENIUS DIGITAL INDIA PVT LTD,Noida / WFH,15
Hella Infra Market Private Limited,Bangalore,15
ConveGenius,,15
Niyo Solutions Inc,Bangalore in office,15
Urjanet - An Acardia Enterprise,,15
Luganodes,,15
NEWFOLD,,15
Société Générale,,14.96
Trellix,Bangalore,14.83
Samsung R&D Institute India,of Posting: Noida,14.5
Proteantecs India,Bangalore,14.5
Sapiens Technologies,,14.25
Thorogood Associates,Bengaluru,14.15
ION Group,,14.1
fujitsu,Bangalore,14
Bain Capability Network,,14
Affinsys,Whitefield Bangalore,14
IAMNEO,Coimbatore,14
Plotline,Bangalore,14
Pragmatic Play India,Hyderabad,14
Amagi Media Labs,Bangalore,14
HealthEdge Technologies,,14
NFERENCE,Bangalore,14
McKinsey & Company,Bangalore,14
Ion Group,,13.6
Western Digital,,13.5
Pepperfry,Mumbai & Bangalore,13.2
Kinaxis India Pvt Ltd,,13.1
Freo,Bangalore,13
Uptycs India,,13
Epsilon,Bangalore,13
Institutional Shareholder Services India Pvt. Ltd,MUMBAI,13
John Deere India Pvt. Ltd.,PAN INDIA,12.63
Schlumberger,Coimbatore.,12.6
Piramal Group,,12.54
GE Healthcare,,12.52
Sterlite Technologies Limited,,12.5
NILKAMAL,,12.5
MICROFOCUS,Bangalore,12.45
Shell India,,12.4
Dell Technologies,Bengaluru,12.34
o9 Solutions Management,,12
Ozone Cloud,Bangalore,12
FABC LLC,Dubai,12
Jivox Software India,,12
Titan,,12
RootQuotient Technologies Private Limited,"Chennai, India",12
Accelerize360,,12
Sleevesup,Bangalore,12
Ericsson (R&D),Check JD (chennai & Bangalore,12
Capillary Technologies,,12
DevRev Cloud India Private Limited,Chennai,12
Healthians,"Gurgaon, Haryana",12
Tide platform Private Limited,hyderabad,12
splitkaro,Bangalore,12
Global Foundries,,11.71
Ericsson Global,"Gurgaon, Chennai",11.5
JUSTDIAL,,11.5
Philips India,"Bangalore, Pune, Chennai",11.5
Kaleyra,,11.46
ExxonMobil Services & Technology Private Limited,Check JD,11.41
Tally Solutions,Bangalore,11.3
Enphase Energy,,11.3
Eli Lilly Services India Pvt. Ltd.,Bangalore,11
LEADSQUARED,Bangalore-Basis demands the candidate must relocate,11
Sparrow Risk Management,,11
IBM,,11
Wolters Kluwer,Pune and Chennai,11
Microchip Technology,Chennai,11
athenahealth Technologies Pvt Ltd,,11
Microchip Technologies,Bangalore,11
Microchip,,11
Nestle,Varied Factory locations,11
Aditya Birla Capital,,11
Qwikcilver Solutions,,11
UPL,Mumbai or Bangalore,11
Ericsson (R&D),Check JD,11
INSIGHTSOFTWARE,,10.73
Pidilite Industries,,10.5
Michelin India Private Limited,,10.4
HSBC India,,10.25
HSBC,Pan india.,10.25
Clinicspot,Navi Mumbai,10
PolicyBazaar Insurance Brokers private limited,Gurgaon,10
Stratus Technologies Pvt Ltd,Bangalore,10
NielsenIQ,Pune /Chennai,10
CASA RETAIL AI,,10
Dozee,Bangalore,10
Ninjacart,,10
Rohm Semiconductor India Pvt Ltd,,10
Freo,,10
Intellect Design Arena (Physical Drive),"Mumbai, Chennai (open to any location of Intellect)",10
Vocera,Bangalore,10
Toyota Connected India,,10
Verizon,,10
Kristal.ai,,10
Tekion,Bangalore / chennai,10
Microchip Technology,,10
HONASA CONSUMER PVT LTD (MAMA EARTH),GURGAON,10
Thomson Reuters,Bangalore,10
ENQUERO - A GENPACT,NCR/Hyderabad/Bangalore/Pune,10
GoComet India,,10
MIDAS RES AND DEV CENTRE I PVT LTD,Registration:,10
Dure Technologies,,10
KPMG,": Gurgaon, Mumbai, Bangalore, Hyderabad",10
Broadridge Financial Solutions,,10
Osmosys,,10
Kongsberg Digital Software And Services,,10
Headout,,10
Volvo Group,Bangalore,10
Cloudbelive,Vellore,10
"Firstsource Solutions Limited, an RPSG Group",Hyderabad/Bangalore,10
Uber,Hyderabad,10
AppsforBharat,,10
Afford Medical Technologies Private Limited,Hyderabad,10
Atlan,,10
NTT India Digital Business Solutions Private Limited,Chennai,10
ROOTQUOTIENT,CHENNAI,10
Bank of America,,9.9
Maersk Global Service Centres,Chennai,9.84
Verizon,,9.66
GENPACT,PAN INDIA,9.5
Schneider Electric,,9.5
BorgWarner,,9.5
Toshiba,,9.5
ITILITE,Bangalore,9.5
Medtronic Engineering and Innovation Center,,9.5
Signify innovations labs,Bangalore,9.35
GAIN CREDIT,Chennai / Bangalore,9.3
Bank of America,,9.15
Pwc India,,9.08
Information Systems Associates,,9
ZL Technologies India Pvt Ltd,,9
Bungee Tech,,9
HSBC Technology India,,9
Dover Corporation,Bengaluru,9
Schneider Electric,,9
Siemens Technology Services,,9
GREY ORANGE,GURGAON,9
Worley India Pvt Ltd,PAN INDIA,9
Uhnder india,,9
Schlumberger,Pune,9
Uhnder India,,9
Harman International,Bangalore /Pune,9
Cynrl,,9
KNOLSKAPE SOLUTIONS PRIVATE LIMITED,Bangalore,9
Vicara,,9
Victorias Secret India Private Limited,,8.96
AkzoNobel,,8.9
Microchip Technologies,Bangalore,8.8
Jio Platforms,,8.5
Light & Wonder,,8.5
Aptiv,L Bangalore,8.5
Honda Motorcycle & Scooter India Pvt Ltd,,8.5
Telstra,"Bangalore, Hyderabad and Pune",8.25
Standard Chartered GBS,,8.25
Visteon,,8.25
HashedIn by Deloitte,,8.1
Hashedin by deloitte,,8.1
Information Systems Associates,,8
Wissen Technology,Bangalore,8
Samsung Electro-Mechanics,Bangalore,8
Tekmonk,Bangalore / Delhi,8
EmbedUR Systems,,8
e2open,"Bangalore, Pune, Hyderabad",8
Manhattan Associates,Bangalore,8
HotWax Systems Pvt. Ltd. (Physical Drive),Indore,8
LG Soft India,Bangalore,8
Cytel,pune,8
Manhattan Associates India Development Centre,"– Brookfield, Whitefield, Bangalore",8
HONEYWELL,PANINDIA,8
TE Connectivity,Bangalore,8
BorgWarner,,8
Softcrylic Technology,,8
Altair Engineering India Pvt. Ltd,Bangalore,8
Lakshmikumaran and Sridharan,Delhi,8
DEMANDBASE,,8
Daimler Truck Innovation Center India Private Limited,,8
Energy Exemplar,Pune,8
Royal Datamatics Pvt. Ltd,Delhi,8
Microchip Technology,,8
Voltup,Pune,8
TresVista,"Mumbai, Pune, and Bengaluru",8
Wolkus Technology Solutions Pvt Ltd (fasal),,8
Reliance Jio,,8
Goodix,,8
Phygital24,,7.92
Ford,,7.7
GEMINI SOLUTIONS PVT LTD,,7.7
Novartis,,7.7
EY - GDS,"Bangalore, Chennai, Gurgaon, Noida, Kolkata, Mumbai, Pune,",7.61
Dhurin,"Noida, Bengaluru, Mumbai",7.5
The smart cube,Noida,7.5
Reliance Industries Limited,,7.5
Genesys Telecom Labs,Chennai,7.5
Qpi Cloud Technologies,,7.5
Siemens Healthineers,,7.5
MBit Wireless,Chennai,7.5
SLO Technologies Private Limited,,7.5
Infosys,,7.5
Excelacom Technologies,,7.5
PharmaACE,,7.5
Power School,"Embassy Tech, 8th floor Wing A Primrose Tower Campus 7B,",7.5
CollPoll,,7.5
MAQ Software,Hyderabad/ Mumbai/ Noida,7.5
Zielhoch,New Delhi,7.2
Haldor Topsoe India Private Limited,Chennai & Delhi,7.2
Paperpedia,PUNE,7.2
UPL,Mumbai or Bangalore,7.15
Alstom India,,7
Cynrl,,7
Harman International,Bangalore /Pune,7
TresVista,"Mumbai, Pune, and Bengaluru",7
Bosch Global Software Technologies (P) Ltd,Pan India,7
Dolcera Information Technology,,7
Continental Automotive,Bangalore,7
Visteon Corporation,Chennai / Bangalore/ Coimbatore / Tiruvandram,7
Conde Nast,,7
Condenast,Chennai / Bangalore,7
"VComply Technologies, Inc",PAN INDIA,7
Orxa Energies,Bangalore,7
Altigreen Propulsion Labs Pvt Ltd,"Bangalore, Mysore",7
Qualitest,,7
SRF,Gurugram,7
e-Emphasys,,7
COSGrid Networks,"Velachery, Chennai",7
Vikram Solar,Westbengal chennai,7
Capace Software Private Limited,"Bangalore , Noida",7
CoreEL Technologies Pvt. Ltd,Koramangala Bangalore,7
Xebia Global Services,,7
PTC,,7
ESAF Small Finance Bank,Pan india,7
Color Tokens India,,7
Cognida.ai,,7
Velocix Solutions,Bangalore,7
Peninsular research operations,chennai,7
Nokia,PAN INDIA,6.8
Alstom,,6.8
Olam Information Services,,6.75
Collins aerospace,Pan India,6.75
Ampere Vehicles <https://amperevehicles.com/>,Bangalore,6.5
WSP,,6.5
Zycus,,6.5
Planetspark,GURUGRAM,6.5
Technip Energies,Mumbai,6.5
Jio Platforms,Mumbai / Bangalore / Hyderabad,6.5
ABSYZ Software Consulting Pvt Ltd,– Hyderabad,6.5
HDFC ERGO General Insurance,,6.5
Divrt,Chennai / Bangalore,6.5
Alfa Laval India Private Limited,,6.5
Peninsular research operations,chennai,6.5
Saint-Gobain India,pan india,6.3
TE Connectivity India,,6.26
Technip Energies India Limited,,6.1
Temenos,,6.1
Sonata software,,6
Vuram,,6
Siemens Healthineers,,6
Text Mercato,,6
Affinsys,"Whitefield, Bangalore",6
Candela Technologies India Private Limited,PAN INDIA,6
Delta Electronics India,,6
Amantya Technologies,,6
IAST Software Solutions,,6
Marax Technologies,,6
Mckinley Rice,,6
Superops.ai,Chennai,6
Coditation System,,6
Karkinos Healthcare Pvt. Ltd.,,6
Disha kiran,PAN India.,6
Metamorphosis,PAN India,6
The Strelema,,6
Value Creed,,6
TechXR Innovations,Bhopal,6
Apps Associates (I) Pvt Ltd,,6
Rolling Arrays Consulting,Work from Home / Remote / Mumbai,6
Vistex (Vistex Asia Pacific Pvt Ltd),,6
Gormalone LLP,,6
Smartsoc solutions,Bangalore/Hyderabad/Chennai/Hubli,6
Propel,Chennai,6
Pregrad,Noida,6
KPMG (Tech enablement - FS & DEQ),Bangalore / Mumbai/gurgaonn/Pune/Hyderabad,6
Springwoodlabs,,6
Stellantis,,6
Aumyaa Consulting Services,,6
SecPod Technologies,Bangalore,6
Spark Capital,Chennai,6
MENTORMATCH,Refer attached,6
Pranavam infotech,,6
Fiat India Automobiles Pvt. Ltd,,6
Kellog Brown & Roots Engineering and Construction,Chennai,6
Eco Lab,,6
Carina Softlabs Pvt. Ltd,,6
SkillVertex,Bengaluru,6
Edelweiss General Insurance Company Limited,,6
Appsecure Security,Bangalore,6
Brakes India,,6
KPMG India,Chennai,6
Ignitarium Technology Solutions Private Limited,#NAME?,6
RELSAFE PRA Consulting,,6
Rockwell Automation,,6
SurveySparrow,& Role  : JD Attached,6
Agumentik Group of Companies,,6
ExactSpace,,5.95
Technip Energies India Limited,,5.8
Kennametal India Limited,Bangalore,5.74
Nobroker Hood,,5.72
Learning Routes,,5.7
AIR INDIA,"Gurugram, Haryana",5.65
TheMathCompany,Work from Anywhere but the initial training is in person in,5.5
Tata Electronics,Hosur,5.5
Kohler,#NAME?,5.5
Grappus,,5.5
iamneo,Coimbatore,5.5
Metacube Software,,5.5
IFB Industries Ltd,,5.5
Karnex software solutions,"Pune , Bangalore",5.5
Danlaw Inc,"Bangalore, Work from Office",5.5
Danfoss Industries Pvt Ltd,,5.44
prism johnson,,5.25
Blue Star India,,5.25
Rinex Technology,Mangalore - HQ / Bangalore,5.2
iNurture Education Solutions Pvt ltd,"Pune, Mumbai",5.2
Grindwell Norton Limited (Saint-Gobain Group),PAN INDIA,5.16
Steel Strips Wheels,,5.04
Rucha Engineers,Aurangabad,5
Propel Inc,,5
Ignitarium Technology Solutions Private Limited,#NAME?,5
Startoon Labs Private Limited,Hyderabad,5
Syngene International,Bangalore,5
Hinode Technologies Pvt Ltd,,5
Brane Enterprises(NSL Hub),Hyderabad/Bangalore,5
Lionsbot,,5
Thinkinnov solution,Chennai,5
Syngene,Bangalore,5
schwingstetterindia,,5
Vestas,Chennai,5
Titan,,5
TATA AutoComp Systems,,5
Pokarna Engineered Stone Limited (Quantra),,5
Stradegi Solutions,,5
Tata Advanced Systems,,5
Svaya Robotics,Hyderabad,5
Inteva Products India Automotive Pvt Ltd,Bangalore,5
Learnship Technologies,,5
Emicon advisory services LLP,,5
uCertify,Noida,5
Bioplus Life Sciences,,5
HealthAsyst Pvt Ltd,Bengaluru,5
Relanto Global Private Limited,Bangalore,5
Sutherland Global Services,: Work from home,5
Varroc Group,,5
GMR Institute of Technology (GMRIT),,5
The Solar Labs,Bangalore,5
Bluetick.AI,,5
NADI Airtechnics Private Limited,Ponneri Chennai - PHYSICAL Internship,5
Knowledge Lens,Bangalore,5
Siemens,,5
Sedin Technologies,chennai,5
Titan Company,,5
Advanced Structural Engineering Consultants India LLP,,4.95
Aliyance Technologies,Dhyari Raikar Mala Pune Maharashtra,4.85
Psiog Digital,,4.8
sanhar abs india,,4.8
KONE Elevator India,Chennai,4.8
Renault Nissan Technology and Business Centre,,4.75
Emertxe Information Technologies Pvt Ltd,,4.7
Avant Garde Cleanroom & Engg. Solutions,,4.5
Red Health,"Hyderabad, Bhubaneswar, Kolkata, Mumbai, Delhi, Ahmedabad,",4.5
Machenn Innovation,Noida,4.5
Hinduja Housing Finance Ltd.,#NAME?,4.5
ORNATE SOLAR,,4.5
Dabur,,4.5
Ki Mobility,Internship Period,4.5
Frescogreens Private Limited,,4.5
Varun Beverages,Mumbai,4.5
NILKAMAL,,4.5
OffersHub,,4.5
Dr Reddy’s Laboratories Ltd,,4.4
ESAB India Ltd,Chennai,4.4
Lucas TVS Limited,,4.37
AAPTATT,Gurgaon,4.3
Hi-Care Service,"Bangalore, chennai, Hyderabad",4.3
Sun mobility,,4.2
Tikona Infinet Limited,,4.2
Amberroot systems,Bangalore,4.2
Tessolve,Bangalore & Chennai,4.2
Accord Software & Systems,,4.2
YantraVision,,4.2
University Nations,,4.14
Perficient,,4
IFB Industries,Bangalore,4
igrenEnergi Services Pvt.Ltd,,4
Pickyourtrail,Chennai,4
QIMA Inspection India,New Delhi,4
Paperflite Marketing Technology Pvt Ltd.,,4
Stance Beam,,4
Proclink Consulting Services LLP,,4
WME Consultants India Pvt. Ltd.,,4
IKSULA Services,,4
Milieudigital Technologies India PVT LTD,Bangalore,4
Ultramarine and Pigments Ltd,Ranipet  Tamilnadu,4
Weaveroo Limited,Remote India,4
Dokonaly Cargo Management Services,Chennai,4
Regal Rexnord,Hyderabad,4
Show time consulting,Andhra Pradesh,4
Sona BLW Precision Forging Limited,,4
Yantra Vision,,4
Keka,,4
Garage Software,,4
TVS Next,,4
NUNAM,– Bangalore,4
Janitri Innovations Pvt Ltd,Bangalore,4
Skill Dunia Edutech,,4
NPCC Engineering Pvt.Ltd,,4
Nobrokerhood,,4
Software @ Work India,Mumbai,4
Rabyte technologies,"Bangalore, Pune, Noida",4
Gremot Mobility Pvt. Ltd.,"Bangalore, India",4
propVIVO India Pvt. Ltd,,4
NGP Websmart,,4
Syngene International,Bangalore,3.89
Shapoorji Pallonji Group,,3.75
Able Jobs,,3.72
Ashiana Housing,"PAN India at Bhiwadi, Gurgaon, Jaipur, Jodhpur, Jamshedpur,",3.6
NielsenIQ,chennai,3.6
Sun mobility,"Bangalore, Gurgaon, Pan india",3.6
Wheels India,Within Tamil Nadu,3.6
M/s. Energon Labs Pvt.Ltd.,,3.6
CELETTE India Pvt Ltd,Coiambatore,3.58
Cientra Techsolutions,Bangalore,3.5
ATEN PORUS LIFESCIENCES PVT LTD,Bangalore,3.5
TVS Electronics,Hosur,3.5
Tutorials Point (India) Private Limited,Hyderabad,3.5
JMAN Group,,3.5
JW Consultants,Pune,3.5
NTT,#NAME?,3.5
Probability Gaming,Noida,3.5
Trinamix,pune & hyderabad,3.5
Strand Life Sciences,,3.5
Softgel healthcare,,3.5
Housing,Anywhere in India,3.5
Heat and Control (South Asia) Pvt Ltd,Mahindra World City - Chengalpattu,3.5
Marriott International,#NAME?,3.5
Raspa Pharma,Lucknow,3.5
Indegene,,3.4
Reliance Life Sciences,,3.4
INDO-MIM,,3.31
Panacea Medical Technologies,,3.2
Syngene,,3.13
Park Controls & Communications Private Limited,Bangalore,3
Wooden Street Furnitures,,3
Raspa Pharma Pvt. Ltd,Lucknow,3
Precision Equipments (Chennai) Private Limited,#NAME?,3
CLARITY TRAVEL TECHNOLOGY SOLUTIONS PVT LTD,Chennai,3
Goodrich Gasket Private Limited,Chennai,3
Strides Pharma,Puducherry,3
Stelmec,,3
Solinas Integrity,,3
CODOID,,3
Sarjen,,3
Fixigo,,3
DEP INDIA PVT LTD,,3
H.G.Infra Engineering Limited,,3
Vmarsh Healthcare,,3
BGNET,VELLORE,3
Tosoh India,,3
Pure energy,Hyderabad,3
Gene Technologies,"Bangalore , Mangalore , Hyderabad, Chennai, Coimbatore.",3
Bioplus Life Sciences,,3
Zoomlion india,Mumbai,3
Congruent Solutions Private Limited,"Guindy, Chennai",3
ICICI LOMBARD,,3
